{
    "action01": "#4687ED",
    "action02": "#E0E0E0",
    "action03": "#D83848",
    "action04": "#246FE5",
    "action05": "#4687ED",
    "action06": "#0056E0",
    "action07": "#D7E3F9",
    "action08": "#99BBF3",
    "action09": "#4687ED",

    "active01": "#0056E0",
    "active02": "#C2C2C2",
    "active03": "#CB2233",
    "active04": "#189B55",
    "active05": "#666666",
    "active07": "#0056E0",
    "active08": "#525252",
    "active09": "#3D3D3D",
    "active10": "#3D3D3D",
    "active11": "#CCDDF9",
    "active12": "#666666",

    "alertGreen": "#189B55",
    "alertRed": "#F24D5F",
    "alertYellow": "#F8AE1A",

    "body01": {
      "fontFamily": "Inter, sans-serif",
      "fontSize": "0.875rem",
      "lineHeight": "1.25rem",
      "fontWeight": 400,
      "letterSpacing": "-0.006rem"
    },
    "body02": {
      "fontFamily": "Inter, sans-serif",
      "fontSize": "1rem",
      "lineHeight": "1.5rem",
      "fontWeight": 400,
      "letterSpacing": "-0.011rem"
    },
    "bodyBold01": {
      "fontFamily": "Inter, sans-serif",
      "fontSize": "0.875rem",
      "lineHeight": "1.25rem",
      "fontWeight": 600,
      "letterSpacing": "-0.006rem"
    },
    "bodyBold02": {
      "fontFamily": "Inter, sans-serif",
      "fontSize": "1rem",
      "lineHeight": "1.5rem",
      "fontWeight": 600,
      "letterSpacing": "-0.011rem"
    },

    "brand01": "#FFFFFF",

    "bulletList01": {
      "fontFamily": "Inter, sans-serif",
      "fontSize": "0.875rem",
      "lineHeight": "1.5rem",
      "fontWeight": 400,
      "letterSpacing": "-0.006rem"
    },

    "data01": "#C15C97",
    "data02": "#4079D3",
    "data03": "#A276B2",
    "data04": "#4CAC9C",
    "data05": "#E76782",
    "data06": "#8CA7D1",
    "data07": "#B23683",
    "data08": "#FFA95E",
    "data09": "#8B559F",
    "data10": "#009B89",
    "data11": "#858585",

    "dataText01": "#292929",
    "dataText02": "#292929",
    "dataText03": "#292929",
    "dataText04": "#000000",
    "dataText05": "#000000",
    "dataText06": "#000000",
    "dataText07": "#FFFFFF",
    "dataText08": "#000000",
    "dataText09": "#FFFFFF",
    "dataText10": "#FFFFFF",
    "dataText11": "#000000",

    "disabled01": "#C2C2C2",
    "disabled02": "#666666",
    "disabled03": "#C2C2C2",
    "disabled04": "#858585",

    "error01": "#F24D5F",

    "focus01": "#D7E3F9",

    "heading01": {
      "fontFamily": "Inter, sans-serif",
      "fontSize": "1.25rem",
      "lineHeight": "1.75rem",
      "fontWeight": 600,
      "letterSpacing": "-0.017rem"
    },
    "heading02": {
      "fontFamily": "Inter, sans-serif",
      "fontSize": "1.75rem",
      "lineHeight": "2.5rem",
      "fontWeight": 600,
      "letterSpacing": "-0.020rem"
    },

    "highlight01": "#F8AE1A",

    "hover01": "#4687ED",
    "hover02": "#F1F1F1",
    "hover03": "#F24D5F",
    "hover04": "#4BCE88",
    "hover05": "#3D3D3D",
    "hover06": "#666666",
    "hover07": "#99BBF3",
    "hover08": "#2F2E32",
    "hover09": "#666666",
    "hover10": "#292929",
    "hover11": "#99BBF3",
    "hover12": "#3D3D3D",
    "hover13": "#525252",

    "icon01": "#FFFFFF",
    "icon02": "#FFFFFF",
    "icon03": "#666666",
    "icon04": "#0056E0",
    "icon05": "#292929",
    "icon06": "#666666",
    "icon07": "#858585",
    "icon08": "#292929",

    "info01": "#666666",

    "label01": {
      "fontFamily": "Inter, sans-serif",
      "fontSize": "0.75rem",
      "lineHeight": "1rem",
      "fontWeight": 400,
      "letterSpacing": "normal"
    },
    "labelBold01": {
      "fontFamily": "Inter, sans-serif",
      "fontSize": "0.75rem",
      "lineHeight": "1rem",
      "fontWeight": 600,
      "letterSpacing": "normal"
    },

    "overlay01": "#292929BF",

    "shadow01": "#141414",
    "shadowHigh": "0px 2px 20px 9px #141414",
    "shadowLow": "0px 1px 2px 1px #141414",
    "shadowMedium": "0px 2px 8px 2px #141414",

    "statusAvailable01": "#189B55",
    "statusAway01": "#DD7011",
    "statusBusy01": "#F24D5F",
    "statusOffline01": "#666666",
    "statusWrapup01": "#8B559F",

    "success01": "#189B55",

    "textColor01": "#FFFFFF",
    "textColor02": "#C2C2C2",
    "textColor04": "#292929",
    "textColor05": "#C2C2C2",
    "textColor06": "#FFFFFF",
    "textColor07": "#292929",
    "textColor08": "#FFFFFF",
    "textColor09": "#000000",
    "textColor10": "#E7E3FF",

    "ui01": "#666666",
    "ui02": "#3D3D3D",
    "ui03": "#858585",
    "ui04": "#FFFFFF",
    "ui05": "#2F2E32",
    "ui06": "#171719",
    "ui07": "#F1F1F1",
    "ui08": "#E0E0E0",
    "ui09": "#CCDDF9",
    "ui10": "#666666",
    "ui11": "#0C0C0D",
    "ui12": "#212124",
    "ui13": "#003486",
    "ui14": "#127440",
    "ui15": "#00225A",
    "ui16": "#F5D3D6",
    "ui17": "#FEEFD1",
    "ui18": "#D2F3E1",
    "ui19": "#E0E0E0",
    "ui20": "#E8DCEC",
    "ui21": "#C2C2C2",
    "ui22": "#CCDDF9",
    "ui23": "#3C2F8E",
    "ui24": "#5F50BE",
    "ui25": "#171719",

    "warning01": "#F8AE1A",
    "warning02": "#F8AE1A",
    "warning03": "#9F701C"
}